ID,PLAYER NAME,TEAM,POS,BYE WEEK,AGE,TIERS,RK,POSRANK
1,Justin Jefferson,MIN,WR,7,23,1,1,WR1
2,Jonathan Taylor,IND,RB,14,23,1,2,RB1
3,Ja'Marr Chase,CIN,WR,10,22,1,3,WR2
4,Kenneth Walker III,SEA,RB,11,22,1,4,RB2
5,Saquon Barkley,NYG,RB,9,25,1,5,RB3
6,Christian McCaffrey,SF,RB,9,26,2,6,RB4
7,A.J. Brown,PHI,WR,7,25,2,7,WR3
8,CeeDee Lamb,DAL,WR,9,23,2,8,WR4
9,Breece Hall,NYJ,RB,10,21,2,9,RB5
10,Stefon Diggs,BUF,WR,7,29,3,10,WR5
11,Austin Ekeler,LAC,RB,8,27,3,11,RB6
12,Jaylen Waddle,MIA,WR,11,24,3,12,WR6
13,Travis Etienne Jr.,JAC,RB,11,23,3,13,RB7
14,Mark Andrews,BAL,TE,10,27,3,14,TE1
15,Tyreek Hill,MIA,WR,11,28,3,15,WR7
16,Kyle Pitts,ATL,TE,14,22,3,16,TE2
17,Nick Chubb,CLE,RB,9,26,3,17,RB8
18,Tee Higgins,CIN,WR,10,23,3,18,WR8
19,Amon-Ra St. Brown,DET,WR,6,23,3,19,WR9
20,Davante Adams,LV,WR,6,29,4,20,WR10
21,D'Andre Swift,DET,RB,6,23,4,21,RB9
22,DK Metcalf,SEA,WR,11,25,4,22,WR11
23,Rhamondre Stevenson,NE,RB,10,24,4,23,RB10
24,Cooper Kupp,LAR,WR,7,29,4,24,WR12
25,Javonte Williams,DEN,RB,9,22,4,25,RB11
26,Joe Mixon,CIN,RB,10,26,4,26,RB12
27,Travis Kelce,KC,TE,8,33,4,27,TE3
28,Josh Jacobs,LV,RB,6,24,4,28,RB13
29,Chris Olave,NO,WR,14,22,4,29,WR13
30,Drake London,ATL,WR,14,21,4,30,WR14
31,Garrett Wilson,NYJ,WR,10,22,4,31,WR15
32,Dalvin Cook,MIN,RB,7,27,4,32,RB14
33,Chris Godwin,TB,WR,11,26,5,33,WR16
34,Derrick Henry,TEN,RB,6,28,5,34,RB15
35,Najee Harris,PIT,RB,9,24,5,35,RB16
36,Deebo Samuel,SF,WR,9,26,5,36,WR17
37,Michael Pittman Jr.,IND,WR,14,25,5,37,WR18
38,Alvin Kamara,NO,RB,14,27,5,38,RB17
39,Dameon Pierce,HOU,RB,6,22,5,39,RB18
40,DJ Moore,CAR,WR,13,25,5,40,WR19
41,Josh Allen,BUF,QB,7,26,5,41,QB1
42,DeVonta Smith,PHI,WR,7,24,5,42,WR20
43,Tony Pollard,DAL,RB,9,25,5,43,RB19
44,Aaron Jones,GB,RB,14,28,5,44,RB20
45,Patrick Mahomes II,KC,QB,8,27,5,45,QB2
46,Terry McLaurin,WAS,WR,14,27,5,46,WR21
47,George Pickens,PIT,WR,9,21,5,47,WR22
48,Treylon Burks,TEN,WR,6,22,6,48,WR23
49,Jameson Williams,DET,WR,6,21,6,49,WR24
50,Miles Sanders,PHI,RB,7,25,6,50,RB21
51,DeAndre Hopkins,ARI,WR,13,30,6,51,WR25
52,Marquise Brown,ARI,WR,13,25,6,52,WR26
53,Dallas Goedert,PHI,TE,7,27,6,53,TE4
54,Justin Herbert,LAC,QB,8,24,6,54,QB3
55,T.J. Hockenson,MIN,TE,7,25,6,55,TE5
56,Jalen Hurts,PHI,QB,7,24,6,56,QB4
57,George Kittle,SF,TE,9,29,6,57,TE6
58,Joe Burrow,CIN,QB,10,26,6,58,QB5
59,Mike Evans,TB,WR,11,29,6,59,WR27
60,J.K. Dobbins,BAL,RB,10,24,6,60,RB22
61,Brandon Aiyuk,SF,WR,9,24,6,61,WR28
62,Gabe Davis,BUF,WR,7,23,6,62,WR29
63,Rachaad White,TB,RB,11,23,6,63,RB23
64,AJ Dillon,GB,RB,14,24,6,64,RB24
65,Rashod Bateman,BAL,WR,10,23,6,65,WR30
66,David Montgomery,CHI,RB,14,25,6,66,RB25
67,Lamar Jackson,BAL,QB,10,25,6,67,QB6
68,Amari Cooper,CLE,WR,9,28,6,68,WR31
69,Antonio Gibson,WAS,RB,14,24,6,69,RB26
70,Christian Watson,GB,WR,14,23,6,70,WR32
71,Pat Freiermuth,PIT,TE,9,24,6,71,TE7
72,Mike Williams,LAC,WR,8,28,6,72,WR33
73,Diontae Johnson,PIT,WR,9,26,6,73,WR34
74,Courtland Sutton,DEN,WR,9,27,7,74,WR35
75,Christian Kirk,JAC,WR,11,26,7,75,WR36
76,Jerry Jeudy,DEN,WR,9,23,7,76,WR37
77,Brian Robinson Jr.,WAS,RB,14,23,7,77,RB27
78,Leonard Fournette,TB,RB,11,27,7,78,RB28
79,Khalil Herbert,CHI,RB,14,24,7,79,RB29
80,David Njoku,CLE,TE,9,26,7,80,TE8
81,Ezekiel Elliott,DAL,RB,9,27,7,81,RB30
82,Kareem Hunt,CLE,RB,9,27,7,82,RB31
83,JuJu Smith-Schuster,KC,WR,8,26,7,83,WR38
84,James Conner,ARI,RB,13,27,7,84,RB32
85,Deshaun Watson,CLE,QB,9,27,7,85,QB7
86,Justin Fields,CHI,QB,14,23,7,86,QB8
87,Tua Tagovailoa,MIA,QB,11,24,7,87,QB9
88,Keenan Allen,LAC,WR,8,30,7,88,WR39
89,Kyler Murray,ARI,QB,13,25,7,89,QB10
90,James Cook,BUF,RB,7,23,7,90,RB33
91,Jahan Dotson,WAS,WR,14,22,7,91,WR40
92,Dalton Schultz,DAL,TE,9,26,8,92,TE9
93,Darnell Mooney,CHI,WR,14,25,8,93,WR41
94,Elijah Moore,NYJ,WR,10,22,8,94,WR42
95,Tyler Lockett,SEA,WR,11,30,8,95,WR43
96,Dak Prescott,DAL,QB,9,29,8,96,QB11
97,Greg Dulcich,DEN,TE,9,22,8,97,TE10
98,Calvin Ridley,JAC,WR,11,27,8,98,WR44
99,Trevor Lawrence,JAC,QB,11,23,8,99,QB12
100,Devin Singletary,BUF,RB,7,25,8,100,RB34
101,Jakobi Meyers,NE,WR,10,26,8,101,WR45
102,Skyy Moore,KC,WR,8,22,8,102,WR46
103,Isiah Pacheco,KC,RB,8,22,8,103,RB35
104,Darren Waller,LV,TE,6,30,8,104,TE11
105,Michael Carter,NYJ,RB,10,23,8,105,RB36
106,Cole Kmet,CHI,TE,14,23,8,106,TE12
107,Cam Akers,LAR,RB,7,23,8,107,RB37
108,Elijah Mitchell,SF,RB,9,24,8,108,RB38
109,Rondale Moore,ARI,WR,13,22,8,109,WR47
110,Chase Claypool,CHI,WR,14,24,8,110,WR48
111,Kadarius Toney,KC,WR,8,23,8,111,WR49
112,Clyde Edwards-Helaire,KC,RB,8,23,8,112,RB39
113,Damien Harris,NE,RB,10,25,8,113,RB40
114,Jeff Wilson Jr.,MIA,RB,11,27,8,114,RB41
115,Trey Lance,SF,QB,9,22,8,115,QB13
116,Kirk Cousins,MIN,QB,7,34,9,116,QB14
117,Brandin Cooks,HOU,WR,6,29,9,117,WR50
118,Jamaal Williams,DET,RB,6,27,9,118,RB42
119,Derek Carr,LV,QB,6,31,9,119,QB15
120,James Robinson,NYJ,RB,10,24,9,120,RB43
121,Alexander Mattison,MIN,RB,7,24,9,121,RB44
122,Dawson Knox,BUF,TE,7,26,9,122,TE13
123,Trey McBride,ARI,TE,13,23,9,123,TE14
124,Allen Lazard,GB,WR,14,27,9,124,WR51
125,Tyler Allgeier,ATL,RB,14,22,9,125,RB45
126,Wan'Dale Robinson,NYG,WR,9,21,9,126,WR52
127,Cordarrelle Patterson,ATL,RB,14,31,9,127,RB46
128,Tyler Boyd,CIN,WR,10,28,9,128,WR53
129,Alec Pierce,IND,WR,14,22,9,129,WR54
130,Joshua Palmer,LAC,WR,8,23,9,130,WR55
131,Gerald Everett,LAC,TE,8,28,9,131,TE15
132,Aaron Rodgers,GB,QB,14,39,9,132,QB16
133,D'Onta Foreman,CAR,RB,13,26,9,133,RB47
134,Curtis Samuel,WAS,WR,14,26,9,134,WR56
135,Michael Gallup,DAL,WR,9,26,9,135,WR57
136,Michael Thomas,NO,WR,14,29,9,136,WR58
137,Noah Fant,SEA,TE,11,25,9,137,TE16
138,Russell Wilson,DEN,QB,9,34,9,138,QB17
139,Kenny Pickett,PIT,QB,9,24,9,139,QB18
140,Hunter Renfrow,LV,WR,6,26,9,140,WR59
141,Zamir White,LV,RB,6,23,9,141,RB48
142,Darrell Henderson Jr.,FA,RB,-,25,9,142,RB49
143,Mac Jones,NE,QB,10,24,9,143,QB19
144,Kenneth Gainwell,PHI,RB,7,23,9,144,RB50
145,Mike Gesicki,MIA,TE,11,27,9,145,TE17
146,Rashaad Penny,SEA,RB,11,26,9,146,RB51
147,Geno Smith,SEA,QB,11,32,9,147,QB20
148,Zach Ertz,ARI,TE,13,32,9,148,TE18
149,Tyler Higbee,LAR,TE,7,29,9,149,TE19
150,Adam Thielen,MIN,WR,7,32,9,150,WR60
151,Romeo Doubs,GB,WR,14,22,10,151,WR61
152,Jaylen Warren,PIT,RB,9,24,10,152,RB52
153,Daniel Jones,NYG,QB,9,25,10,153,QB21
154,Gus Edwards,BAL,RB,10,27,10,154,RB53
155,Matthew Stafford,LAR,QB,7,34,10,155,QB22
156,Donovan Peoples-Jones,CLE,WR,9,23,10,156,WR62
157,Nico Collins,HOU,WR,6,23,10,157,WR63
158,Isaiah Spiller,LAC,RB,8,21,10,158,RB54
159,Allen Robinson II,LAR,WR,7,29,10,159,WR64
160,Isaiah Likely,BAL,TE,10,22,10,160,TE20
161,Kyren Williams,LAR,RB,7,22,10,161,RB55
162,Evan Engram,JAC,TE,11,28,10,162,TE21
163,Jared Goff,DET,QB,6,28,10,163,QB23
164,Chase Edmonds,DEN,RB,9,26,10,164,RB56
165,David Bell,CLE,WR,9,22,10,165,WR65
166,Nyheim Hines,BUF,RB,7,26,10,166,RB57
167,Melvin Gordon III,KC,RB,8,29,10,167,RB58
168,Tom Brady,TB,QB,11,45,10,168,QB24
169,Khalil Shakir,BUF,WR,7,22,10,169,WR66
170,Baltimore Ravens,BAL,DST,10,-,10,170,DST1
171,Tyrion Davis-Price,SF,RB,9,22,10,171,RB59
172,Buffalo Bills,BUF,DST,7,-,10,172,DST2
173,New England Patriots,NE,DST,10,-,10,173,DST3
174,Raheem Mostert,MIA,RB,11,30,10,174,RB60
175,Ryan Tannehill,TEN,QB,6,34,10,175,QB25
176,D.J. Chark Jr.,DET,WR,6,26,10,176,WR67
177,Marquez Valdes-Scantling,KC,WR,8,28,10,177,WR68
178,Terrace Marshall Jr.,CAR,WR,13,22,10,178,WR69
179,San Francisco 49ers,SF,DST,9,-,10,179,DST4
180,Odell Beckham Jr.,FA,WR,-,30,10,180,WR70
181,Russell Gage,TB,WR,11,26,10,181,WR71
182,Jelani Woods,IND,TE,14,24,10,182,TE22
183,Isaiah McKenzie,BUF,WR,7,27,10,183,WR72
184,Irv Smith Jr.,MIN,TE,7,24,10,184,TE23
185,Pittsburgh Steelers,PIT,DST,9,-,11,185,DST5
186,Robert Woods,TEN,WR,6,30,11,186,WR73
187,Chuba Hubbard,CAR,RB,13,23,11,187,RB61
188,J.D. McKissic,WAS,RB,14,29,11,188,RB62
189,Los Angeles Rams,LAR,DST,7,-,11,189,DST6
190,Eno Benjamin,HOU,RB,6,23,11,190,RB63
191,Hunter Henry,NE,TE,10,28,11,191,TE24
192,D'Ernest Johnson,CLE,RB,9,26,11,192,RB64
193,Corey Davis,NYJ,WR,10,27,11,193,WR74
194,Jimmy Garoppolo,SF,QB,9,31,11,194,QB26
195,Hassan Haskins,TEN,RB,6,23,11,195,RB65
196,Van Jefferson,LAR,WR,7,26,11,196,WR75
197,Denver Broncos,DEN,DST,9,-,11,197,DST7
198,Daniel Bellinger,NYG,TE,9,22,11,198,TE25
199,Dallas Cowboys,DAL,DST,9,-,11,199,DST8
200,Malik Willis,TEN,QB,6,23,11,200,QB27
201,Tyquan Thornton,NE,WR,10,22,11,201,WR76
202,Jalen Tolbert,DAL,WR,9,23,11,202,WR77
203,Tampa Bay Buccaneers,TB,DST,11,-,11,203,DST9
204,Jarvis Landry,NO,WR,14,30,11,204,WR78
205,K.J. Hamler,DEN,WR,9,23,11,205,WR79
206,K.J. Osborn,MIN,WR,7,25,11,206,WR80
207,Parris Campbell,IND,WR,14,25,11,207,WR81
208,DeVante Parker,NE,WR,10,29,11,208,WR82
209,Kenyan Drake,BAL,RB,10,28,11,209,RB66
210,Zach Wilson,NYJ,QB,10,23,11,210,QB28
211,Justin Tucker,BAL,K,10,33,11,211,K1
212,Keaontay Ingram,ARI,RB,13,23,11,212,RB67
213,John Metchie III,HOU,WR,6,22,11,213,WR83
214,Pierre Strong Jr.,NE,RB,10,24,11,214,RB68
215,New Orleans Saints,NO,DST,14,-,11,215,DST10
216,Philadelphia Eagles,PHI,DST,7,-,11,216,DST11
217,Chicago Bears,CHI,DST,14,-,11,217,DST12
218,Kansas City Chiefs,KC,DST,8,-,11,218,DST13
219,Tim Patrick,DEN,WR,9,29,11,219,WR84
220,Mecole Hardman,KC,WR,8,24,11,220,WR85
221,Harrison Butker,KC,K,8,27,11,221,K2
222,Hayden Hurst,CIN,TE,10,29,11,222,TE26
223,Cleveland Browns,CLE,DST,9,-,11,223,DST14
224,Minnesota Vikings,MIN,DST,7,-,11,224,DST15
225,Logan Thomas,WAS,TE,14,31,11,225,TE27
226,Julio Jones,TB,WR,11,33,11,226,WR86
227,Jerick McKinnon,KC,RB,8,30,12,227,RB69
228,Taysom Hill,NO,TE,14,32,12,228,TE28
229,Samaje Perine,CIN,RB,10,27,12,229,RB70
230,Indianapolis Colts,IND,DST,14,-,12,230,DST16
231,Kyle Philips,TEN,WR,6,23,12,231,WR87
232,Darrel Williams,ARI,RB,13,27,12,232,RB71
233,Greg Zuerlein,NYJ,K,10,34,12,233,K3
234,Matt Prater,ARI,K,13,38,12,234,K4
235,Los Angeles Chargers,LAC,DST,8,-,12,235,DST17
236,Miami Dolphins,MIA,DST,11,-,12,236,DST18
237,Carson Wentz,WAS,QB,14,29,12,237,QB29
238,Robert Tonyan,GB,TE,14,28,12,238,TE29
239,Chris Evans,CIN,RB,10,25,12,239,RB72
240,Green Bay Packers,GB,DST,14,-,12,240,DST19
241,Wil Lutz,NO,K,14,28,12,241,K5
242,Desmond Ridder,ATL,QB,14,23,12,242,QB30
243,Sony Michel,LAC,RB,8,27,12,243,RB73
244,Arizona Cardinals,ARI,DST,13,-,12,244,DST20
245,Zay Jones,JAC,WR,11,27,12,245,WR88
246,Washington Commanders,WAS,DST,14,-,12,246,DST21
247,Cade Otton,TB,TE,11,23,12,247,TE30
248,Laviska Shenault Jr.,CAR,WR,13,24,12,248,WR89
249,Jake Elliott,PHI,K,7,27,12,249,K6
250,Joshua Kelley,LAC,RB,8,25,12,250,RB74
251,Darius Slayton,NYG,WR,9,25,12,251,WR90
252,Tyler Conklin,NYJ,TE,10,27,12,252,TE31
253,Jameis Winston,NO,QB,14,28,12,253,QB31
254,Brandon McManus,DEN,K,9,31,12,254,K7
255,Daniel Carlson,LV,K,6,27,12,255,K8
256,Ryan Succop,TB,K,11,36,12,256,K9
257,Tennessee Titans,TEN,DST,6,-,12,257,DST22
258,Jonnu Smith,NE,TE,10,27,12,258,TE32
259,Seattle Seahawks,SEA,DST,11,-,12,259,DST23
260,Robbie Gould,SF,K,9,40,12,260,K10
261,Robbie Anderson,ARI,WR,13,29,12,261,WR91
262,Zack Moss,IND,RB,14,25,12,262,RB75
263,Marcus Mariota,ATL,QB,14,29,12,263,QB32
264,Albert Okwuegbunam,DEN,TE,9,24,12,264,TE33
265,Austin Hooper,TEN,TE,6,28,12,265,TE34
266,Dyami Brown,WAS,WR,14,23,12,266,WR92
267,Ronald Jones II,KC,RB,8,25,12,267,RB76
268,Younghoe Koo,ATL,K,14,28,12,268,K11
269,Trey Sermon,PHI,RB,7,23,12,269,RB77
270,Marvin Jones Jr.,JAC,WR,11,32,12,270,WR93
271,Harrison Bryant,CLE,TE,9,24,12,271,TE35
272,Kenny Golladay,NYG,WR,9,29,12,272,WR94
273,Jason Myers,SEA,K,11,31,12,273,K12
274,Jerome Ford,CLE,RB,9,23,12,274,RB78
275,Cincinnati Bengals,CIN,DST,10,-,12,275,DST24
276,Jason Sanders,MIA,K,11,27,12,276,K13
277,Jacksonville Jaguars,JAC,DST,11,-,12,277,DST25
278,Brevin Jordan,HOU,TE,6,22,12,278,TE36
279,Graham Gano,NYG,K,9,35,12,279,K14
280,Chris Boswell,PIT,K,9,31,12,280,K15
281,Evan McPherson,CIN,K,10,23,12,281,K16
282,Mason Crosby,GB,K,14,38,12,282,K17
283,Foster Moreau,LV,TE,6,25,12,283,TE37
284,Juwan Johnson,NO,TE,14,26,13,284,TE38
285,Sterling Shepard,NYG,WR,9,29,13,285,WR95
286,Myles Gaskin,MIA,RB,11,25,13,286,RB79
287,Tyler Bass,BUF,K,7,25,13,287,K18
288,Kendrick Bourne,NE,WR,10,27,13,288,WR96
289,Houston Texans,HOU,DST,6,-,13,289,DST26
290,Dontrell Hilliard,TEN,RB,6,27,13,290,RB80
291,Jeremy Ruckert,NYJ,TE,10,22,13,291,TE39
292,Devin Duvernay,BAL,WR,10,25,13,292,WR97
293,New York Giants,NYG,DST,9,-,13,293,DST27
294,Carolina Panthers,CAR,DST,13,-,13,294,DST28
295,Matt Gay,LAR,K,7,28,13,295,K19
296,Kylen Granson,IND,TE,14,24,13,296,TE40
297,Cedrick Wilson Jr.,MIA,WR,11,27,13,297,WR98
298,Velus Jones Jr.,CHI,WR,14,25,13,298,WR99
299,Marquez Callaway,NO,WR,14,24,13,299,WR100
300,Davis Mills,HOU,QB,6,24,13,300,QB33
301,Ke'Shawn Vaughn,TB,RB,11,25,13,301,RB81
302,Mo Alie-Cox,IND,TE,14,29,13,302,TE41
303,Ka'imi Fairbairn,HOU,K,6,28,13,303,K20
304,Rex Burkhead,HOU,RB,6,32,13,304,RB82
305,Chigoziem Okonkwo,TEN,TE,6,23,13,305,TE42
306,Josh Reynolds,DET,WR,6,27,13,306,WR101
307,Tommy Tremble,CAR,TE,13,22,13,307,TE43
308,Calvin Austin III,PIT,WR,9,23,13,308,WR102
309,C.J. Uzomah,NYJ,TE,10,29,13,309,TE44
310,Boston Scott,PHI,RB,7,27,13,310,RB83
311,Dustin Hopkins,LAC,K,8,32,13,311,K21
312,Jamison Crowder,BUF,WR,7,29,13,312,WR103
313,Will Dissly,SEA,TE,11,26,13,313,TE45
314,Greg Joseph,MIN,K,7,28,13,314,K22
315,Danny Gray,SF,WR,9,23,13,315,WR104
316,Michael Badgley,DET,K,6,27,13,316,K23
317,Latavius Murray,DEN,RB,9,32,13,317,RB84
318,Adam Trautman,NO,TE,14,25,13,318,TE46
319,Tyler Badie,BAL,RB,10,22,13,319,RB85
320,Nelson Agholor,NE,WR,10,29,13,320,WR105
321,Matt Ryan,IND,QB,14,37,13,321,QB34
322,Braxton Berrios,NYJ,WR,10,27,13,322,WR106
323,Mark Ingram II,NO,RB,14,32,13,323,RB86
324,Dee Eskridge,SEA,WR,11,25,13,324,WR107
325,Kevin Harris,NE,RB,10,22,13,325,RB87
326,Nick Folk,NE,K,10,38,13,326,K24
327,Baker Mayfield,LAR,QB,7,27,13,327,QB35
328,Trestan Ebner,CHI,RB,14,23,13,328,RB88
329,Denzel Mims,NYJ,WR,10,25,14,329,WR108
330,Damien Williams,ATL,RB,14,30,14,330,RB89
331,Bailey Zappe,NE,QB,10,23,14,331,QB36
332,Randy Bullock,TEN,K,6,33,14,332,K25
333,Noah Brown,DAL,WR,9,26,14,333,WR109
334,Mack Hollins,LV,WR,6,29,14,334,WR110
335,Charlie Kolar,BAL,TE,10,23,14,335,TE47
336,Rodrigo Blankenship,FA,K,-,25,14,336,K26
337,Brett Maher,DAL,K,9,33,14,337,K27
338,Marlon Mack,DEN,RB,9,26,14,338,RB90
339,Kene Nwangwu,MIN,RB,7,24,14,339,RB91
340,Craig Reynolds,DET,RB,6,26,14,340,RB92
341,Jordan Love,GB,QB,14,24,14,341,QB37
342,Quez Watkins,PHI,WR,7,24,14,342,WR111
343,Ty Chandler,MIN,RB,7,24,14,343,RB93
344,Dan Arnold,JAC,TE,11,27,14,344,TE48
345,DeeJay Dallas,SEA,RB,11,24,14,345,RB94
346,Jake Ferguson,DAL,TE,9,23,14,346,TE49
347,Stephen Gostkowski,FA,K,-,38,14,347,K28
348,Byron Pringle,CHI,WR,14,29,14,348,WR112
349,Bryan Edwards,KC,WR,8,24,14,349,WR113
350,Mike Boone,DEN,RB,9,27,14,350,RB95
351,Amari Rodgers,HOU,WR,6,23,14,351,WR114
352,New York Jets,NYJ,DST,10,-,14,352,DST29
353,Jacoby Brissett,CLE,QB,9,30,14,353,QB38
354,Ty Johnson,NYJ,RB,10,25,14,354,RB96
355,Hunter Long,MIA,TE,11,24,14,355,TE50
356,Snoop Conner,JAC,RB,11,23,14,356,RB97
357,Olamide Zaccheaus,ATL,WR,14,25,14,357,WR115
358,Jalen Reagor,MIN,WR,7,23,14,358,WR116
359,Jaret Patterson,WAS,RB,14,22,14,359,RB98
360,Justice Hill,BAL,RB,10,25,14,360,RB99
361,Matt Breida,NYG,RB,9,27,14,361,RB100
362,Randall Cobb,GB,WR,14,32,14,362,WR117
363,Anthony Schwartz,CLE,WR,9,22,14,363,WR118
364,A.J. Green,ARI,WR,13,34,14,364,WR119
365,Noah Gray,KC,TE,8,23,14,365,TE51
366,Taylor Heinicke,WAS,QB,14,29,14,366,QB39
367,Justin Jackson,DET,RB,6,26,14,367,RB101
368,Donald Parham Jr.,LAC,TE,8,25,14,368,TE52
369,O.J. Howard,HOU,TE,6,28,14,369,TE53
370,Ameer Abdullah,LV,RB,6,29,14,370,RB102
371,Jermar Jefferson,DET,RB,6,22,14,371,RB103
372,Kylin Hill,FA,RB,-,24,14,372,RB104
373,Tre'Quan Smith,NO,WR,14,26,14,373,WR120
374,Sammy Watkins,GB,WR,14,29,14,374,WR121
375,Sam Howell,WAS,QB,14,22,14,375,QB40
376,Zonovan Knight,NYJ,RB,10,21,14,376,RB105
377,Cairo Santos,CHI,K,14,31,14,377,K29
378,Sam Darnold,CAR,QB,13,25,14,378,QB41
379,JaMycal Hasty,JAC,RB,11,26,14,379,RB106
380,James Washington,DAL,WR,9,26,14,380,WR122
381,Mike Davis,FA,RB,-,29,14,381,RB107
382,Deonte Harty,NO,WR,14,25,14,382,WR123
383,Ashton Dulin,IND,WR,14,25,14,383,WR124
384,Cameron Brate,TB,TE,11,31,14,384,TE54
385,John Bates,WAS,TE,14,25,14,385,TE55
386,Tyler Huntley,BAL,QB,10,24,14,386,QB42
387,Riley Patterson,JAC,K,11,23,14,387,K30
388,Tyler Goodson,GB,RB,14,22,14,388,RB108
389,Matt Corral,CAR,QB,13,23,14,389,QB43
390,Jauan Jennings,SF,WR,9,25,14,390,WR125
391,Tylan Wallace,BAL,WR,10,23,14,391,WR126
392,Kennedy Brooks,FA,RB,-,24,14,392,RB109
393,Atlanta Falcons,ATL,DST,14,-,14,393,DST30
394,Quintez Cephus,DET,WR,6,24,14,394,WR127
395,Erik Ezukanma,MIA,WR,11,22,14,395,WR128
396,William Fuller V,FA,WR,-,28,14,396,WR129
397,N'Keal Harry,CHI,WR,14,25,15,397,WR130
398,Jaelon Darden,CLE,WR,9,23,15,398,WR131
399,Tutu Atwell,LAR,WR,7,23,15,399,WR132
400,Joey Slye,WAS,K,14,26,15,400,K31
401,Dan Bailey,FA,K,-,34,15,401,K32
402,Justyn Ross,KC,WR,8,23,15,402,WR133
403,Richie James Jr.,NYG,WR,9,27,15,403,WR134
404,Justin Watson,KC,WR,8,27,15,404,WR135
405,Andy Dalton,NO,QB,14,35,15,405,QB44
406,Las Vegas Raiders,LV,DST,6,-,15,406,DST31
407,Tony Jones Jr.,SEA,RB,11,25,15,407,RB110
408,Cole Turner,WAS,TE,14,22,15,408,TE56
409,Deon Jackson,IND,RB,14,23,15,409,RB111
410,Cade York,CLE,K,9,21,15,410,K33
411,Tyler Johnson,TB,WR,11,24,15,411,WR136
412,Equanimeous St. Brown,CHI,WR,14,26,15,412,WR137
413,Ihmir Smith-Marsette,KC,WR,8,23,15,413,WR138
414,Tre' McKitty,LAC,TE,8,23,15,414,TE57
415,Nick Westbrook-Ikhine,TEN,WR,6,25,15,415,WR139
416,Bo Melton,SEA,WR,11,23,15,416,WR140
417,Sincere McCormick,LV,RB,6,22,15,417,RB112
418,Jalen Guyton,LAC,WR,8,25,15,418,WR141
419,Laquon Treadwell,SEA,WR,11,27,15,419,WR142
420,Devontae Booker,FA,RB,-,30,15,420,RB113
421,Jerrion Ealy,KC,RB,8,22,15,421,RB114
422,D'Vonte Price,IND,RB,14,23,15,422,RB115
423,Kalif Raymond,DET,WR,6,28,15,423,WR143
424,Samori Toure,GB,WR,14,24,15,424,WR144
425,Mike White,NYJ,QB,10,27,15,425,QB45
426,Detroit Lions,DET,DST,6,-,15,426,DST32
427,Demarcus Robinson,BAL,WR,10,28,15,427,WR145
428,Brandon Bolden,LV,RB,6,32,15,428,RB116
429,Anthony Firkser,ATL,TE,14,27,15,429,TE58
430,Kyle Rudolph,TB,TE,11,33,15,430,TE59
431,Travis Homer,SEA,RB,11,24,15,431,RB117
432,Duke Johnson Jr.,BUF,RB,7,29,15,432,RB118
433,Darrynton Evans,CHI,RB,14,24,15,433,RB119
434,Shi Smith,CAR,WR,13,24,15,434,WR146
435,Cameron Dicker,LAC,K,8,22,15,435,K34
436,Jacob Harris,LAR,TE,7,25,15,436,TE60
437,Breshad Perriman,TB,WR,11,29,15,437,WR147
438,Benny Snell Jr.,PIT,RB,9,24,15,438,RB120
439,Scotty Miller,TB,WR,11,25,15,439,WR148
440,Larry Rountree III,LAC,RB,8,23,15,440,RB121
441,Mitch Trubisky,PIT,QB,9,28,15,441,QB46
442,Salvon Ahmed,MIA,RB,11,23,15,442,RB122
443,Derrick Gore,FA,RB,-,28,15,443,RB123
444,Trent Sherfield,MIA,WR,11,26,15,444,WR149
445,Mike Strachan,IND,WR,14,25,15,445,WR150
446,Lynn Bowden Jr.,NE,WR,10,25,15,446,WR151
447,Ben Skowronek,LAR,WR,7,25,15,447,WR152
448,PJ Walker,CAR,QB,13,27,15,448,QB47
449,Demetric Felton Jr.,CLE,RB,9,24,15,449,RB124
450,Grant Calcaterra,PHI,TE,7,24,15,450,TE61
451,Zach Pascal,PHI,WR,7,28,15,451,WR153
452,Ty Montgomery,NE,RB,10,29,15,452,RB125
453,Dontario Drummond,DAL,WR,9,25,15,453,WR154
454,Josh Lambo,FA,K,-,32,15,454,K35
455,Jalen Wydermyer,IND,TE,14,21,15,455,TE62
456,Julius Chestnut,TEN,RB,6,22,15,456,RB126
457,Antonio Brown,FA,WR,-,34,15,457,WR155
458,Rico Dowdle,DAL,RB,9,24,15,458,RB127
459,Jashaun Corbin,NYG,RB,9,22,15,459,RB128
460,Royce Freeman,HOU,RB,6,26,15,460,RB129
461,Jamal Agnew,JAC,WR,11,27,16,461,WR156
462,Dare Ogunbowale,HOU,RB,6,28,16,462,RB130
463,Maxx Williams,ARI,TE,13,28,16,463,TE63
464,Abram Smith,FA,RB,-,24,16,464,RB131
465,Josh Oliver,BAL,TE,10,25,16,465,TE64
466,James Mitchell,DET,TE,6,23,16,466,TE65
467,T.Y. Hilton,FA,WR,-,33,16,467,WR157
468,Ian Thomas,CAR,TE,13,26,16,468,TE66
469,Simi Fehoko,DAL,WR,9,25,16,469,WR158
470,Ricky Seals-Jones,FA,TE,-,27,16,470,TE67
471,James Proche II,BAL,WR,10,26,16,471,WR159
472,Skylar Thompson,MIA,QB,11,25,16,472,QB48
473,Teddy Bridgewater,MIA,QB,11,30,16,473,QB49
474,Cooper Rush,DAL,QB,9,29,16,474,QB50
475,Giovani Bernard,TB,RB,11,31,16,475,RB132
476,Tevin Coleman,SF,RB,9,29,16,476,RB133
477,Jake Funk,IND,RB,14,24,16,477,RB134
478,Jordan Akins,HOU,TE,6,30,16,478,TE68
479,Auden Tate,PHI,WR,7,25,16,479,WR160
480,Bisi Johnson,MIN,WR,7,25,16,480,WR161
481,Anthony McFarland Jr.,PIT,RB,9,24,16,481,RB135
482,Phillip Lindsay,FA,RB,-,28,16,482,RB136
483,Dante Pettis,CHI,WR,14,27,16,483,WR162
484,Durham Smythe,MIA,TE,11,27,16,484,TE69
485,Ronnie Rivers,LAR,RB,7,23,16,485,RB137
486,Keelan Cole Sr.,LV,WR,6,29,16,486,WR163
487,Preston Williams,CAR,WR,13,25,16,487,WR164
488,Josiah Deguara,GB,TE,14,25,16,488,TE70
489,Qadree Ollison,DAL,RB,9,26,16,489,RB138
490,Ty'Son Williams,ARI,RB,13,26,16,490,RB139
491,Rashard Higgins,CAR,WR,13,28,16,491,WR165
492,Jordan Howard,FA,RB,-,28,16,492,RB140
493,Freddie Swain,MIA,WR,11,24,16,493,WR166
494,Devonta Freeman,FA,RB,-,30,16,494,RB141
495,J.J. Taylor,FA,RB,-,24,16,495,RB142
496,Wayne Gallman Jr.,SEA,RB,11,28,16,496,RB143
497,Drew Sample,CIN,TE,10,26,16,497,TE71
498,Blake Jarwin,FA,TE,-,28,16,498,TE72
499,Gary Brightwell,NYG,RB,9,23,16,499,RB144
500,Collin Johnson,NYG,WR,9,25,16,500,WR167
501,Damiere Byrd,ATL,WR,14,29,16,501,WR168
502,Ross Dwelley,SF,TE,9,27,16,502,TE73
503,Antoine Wesley,ARI,WR,13,25,16,503,WR169
504,Eric Ebron,FA,TE,-,29,16,504,TE74
505,Cam Sims,WAS,WR,14,26,16,505,WR170